query,rank,score,relevant,passage_id,passage
. what is a corporation?,1,0.0,0,0,"A company is incorporated in a specific nation, often within the bounds of a smaller subset of that nation, such as a state or province. The corporation is then governed by the laws of incorporation in that state. A corporation may issue stock, either private or public, or may be classified as a non-stock corporation. If stock is issued, the corporation will usually be governed by its shareholders, either directly or indirectly."
. what is a corporation?,2,0.0,0,1,"Today, there is a growing community of more than 2,100 Certified B Corps from 50 countries and over 130 industries working together toward 1 unifying goal: to redefine success in business. Join the Movement"
. what is a corporation?,3,0.0,0,2,"Corporation definition, an association of individuals, created by law or under authority of law, having a continuous existence independent of the existences of its members, and powers and liabilities distinct from those of its members. See more."
. what is a corporation?,4,0.0,0,3,Examples of corporation in a Sentence. 1  He works as a consultant for several large corporations. 2  a substantial corporation that showed that he was a sucker for all-you-can-eat buffets.
. what is a corporation?,5,0.0,0,4,"1: a government-owned corporation (as a utility or railroad) engaged in a profit-making enterprise that may require the exercise of powers unique to government (as eminent domain) — called also government corporation, publicly held corporation"
. what is a corporation?,6,0.0,1,5,McDonald's Corporation is one of the most recognizable corporations in the world. A corporation is a company or group of people authorized to act as a single entity (legally a person) and recognized as such in law. Early incorporated entities were established by charter (i.e. by an ad hoc act granted by a monarch or passed by a parliament or legislature).
. what is a corporation?,7,0.0,0,6,"Corporations are owned by their stockholders (shareholders) who share in profits and losses generated through the firm's operations, and have three distinct characteristics (1) Legal existence: a firm can (like a person) buy, sell, own, enter into a contract, and sue other persons and firms, and be sued by them."
. what is a corporation?,8,0.0,0,7,"An Association is an organized group of people who share in a common interest, activity, or purpose. 1  Start a business Plan your business. Create your business structure Types of business structures. 2  Change or update your business Add a new location to your existing business. Add an endorsement to your existing business."
. what is a corporation?,9,0.0,0,8,B Corp certification shines a light on the companies leading the global movement...
. what is a corporation?,10,0.0,0,9,LLCs offer greater flexibility when it comes to income taxes. 1  The owner or member of an LLC can have their income taxed in three ways: 2  A single owner LLC is treated as a Schedule C (sole proprietor) for tax purposes.
why did rachel carson write an obligation to endure,1,2.738028848021925,0,6,“The Obligation to Endure” from Silent Springby Rachel Carson. Copyright © 1962 by Rachel L. Carson.
why did rachel carson write an obligation to endure,2,2.698575703384893,1,4,"The Obligation to Endure by Rachel Carson Rachel Carson's essay on The Obligation to Endure, is a very convincing argument about the harmful uses of chemicals, pesticides, herbicides, and fertilizers on the environment."
why did rachel carson write an obligation to endure,3,2.5805245893631232,0,0,"Read to write - grow a love of books (even if it's a comic book) Organizing an argument into paragraphs, words [that] worked together for a common purpose Walker: Using models - read other research papers, look at MLA samples Maintain a larger perspective of the world and in your writing - stay objective Write about what fascinates you"
why did rachel carson write an obligation to endure,4,2.1236857988130398,0,7,"In, “Silent Spring” an excerpt from Rachel Carson’s, “The Obligation to Endure,” Carson suggests that the pesticides and insecticides we have are harmful to more than just the environment. Rachel Carson is an author who is passionate about the environment and concerned about the well being of its inhabitants."
why did rachel carson write an obligation to endure,5,1.8869876251603304,0,3,"Ashley Deemer. Eastern gateway Community College. Abstract. In the following pages the reader will find a written rhetorical analysis of Rachel Carson’s “The Obligation to Endure.” The following analysis involves the second chapter of Carson’s book, Silent Spring and was antecedently written in 1962."
why did rachel carson write an obligation to endure,6,1.6994470495877336,0,1,Carson subtly defers her writing in just the right writing technique for it to not be subject to an induction run rampant style which grabs the readers interest without biasing the whole article. Rachel slights the opposition very nicely Rachel Carson: “THE OBLIGATION TO ENDURE”. 4 by keeping it simple yet informative and persuasive and stays away from being caught in a fallacy which makes it readable and proves effective in validlating her point of view.
why did rachel carson write an obligation to endure,7,1.1519694653655594,0,2,"The essay starts out with the statement “The history of life on earth has been an interaction between living things and their surroundings” (Carson, pg. 57). On the other hand, it closes with “The obligation to endure gives us the right to know” (Carson, pg. 6). These are good statements that give the reader an idea of what can be expected. However, there were times when it seemed as if the author was backing up her opinion with facts that were not necessarily factual."
why did rachel carson write an obligation to endure,8,1.0129912503033913,0,9,"Rachel Carson was born on May 27, 1907, on a family farm near Springdale, Pennsylvania, just up the Allegheny River from Pittsburgh. She was the daughter of Maria Frazier (McLean) and Robert Warden Carson, an insurance salesman. She spent a lot of time exploring around her family's 65-acre (26 ha) farm."
why did rachel carson write an obligation to endure,9,0.58121571932623,1,5,"Carson believes that as man tries to eliminate unwanted insects and weeds, however he is actually causing more problems by polluting the environment with, for example, DDT and harming living things. Carson adds that the intensification of agriculture is causing other major problems, like newly developed or created insects and diseases."
why did rachel carson write an obligation to endure,10,0.0,0,8,"1 Limitation of science - As the world changes over time, the understanging of science ... However Aristotle stated that there is not only one future which is determined by a cause. 2  A man travels in the Yukon on an extremely cold morning with a husky ... the reader only ocasionally gets insight into the inner workings of the mans mind."
why did the progressive movement fail to advance racial equality quizlet,1,4.282818654312738,0,2,"1 W.E.B Du Bois was the founder of the Niagara Movement and later the NAACP, Du Bois disagreed with Washington. He argued that African-Americans should consistently fight for racial equality. 2  Ida B. Wells was a journalist who wrote about the horrors of lynching in the South."
why did the progressive movement fail to advance racial equality quizlet,2,2.5453535894430717,0,3,The Progressive ideology espoused by many of the era attempted to correct societal problems created by racial integration following the Civil War by segregating the races and allowing each group to achieve its own potential.
why did the progressive movement fail to advance racial equality quizlet,3,1.779630220902406,0,6,"Progressive Era. The Progressive Era was a period of widespread social activism and political reform across the United States, from the 1890s to the 1920s.[1] The main objectives of the Progressive movement were eliminating problems caused by industrialization, urbanization, immigration, and corruption in government."
why did the progressive movement fail to advance racial equality quizlet,4,1.7303012438548317,0,9,"Progressive Era. The Progressive Era was a period of widespread social activism and political reform across the United States, from the 1890s to the 1920s. The main objectives of the Progressive movement were eliminating problems caused by industrialization, urbanization, immigration, and corruption in government. The movement primarily targeted political machines and their bosses. By taking down these corrupt representatives in office a further means of direct democracy would be established. They also sought re"
why did the progressive movement fail to advance racial equality quizlet,5,1.655635684885196,0,4,"Lastly, the work of Washington, Du Bois, Wells, Terrell and countless others ultimately led to the protests of the Civil Rights Movement sixty years later. 1  5 African-American Organizations Established During the Progressive Era. 2  The Unforgettable Jim Crow Era. 3  4 Important Men and Women of the Progressive Era."
why did the progressive movement fail to advance racial equality quizlet,6,1.3555153932606494,0,7,"As a result, the concept of reform took place in society. Reformers such as social workers, journalists, educators and even politicians emerged to change society. This was known as the Progressive Movement. One issue was consistently ignored: the plight of African-Americans in the United States. African-Americans were faced with consistent racism in the form of segregation in public spaces and disenfranchisement from the political process."
why did the progressive movement fail to advance racial equality quizlet,7,1.3137776952236175,0,8,"The ratification of the 19th amendment in 1920, which recognized women's suffrage was last amendment during the progressive era. Another significant constitutional change that began during the progressive era was the incorporation of the Bill of Rights so that those rights would apply to the states."
why did the progressive movement fail to advance racial equality quizlet,8,1.2089215634039028,0,1,"1 W.E.B Du Bois was the founder of the Niagara Movement and later the NAACP, Du Bois disagreed with Washington. 2  Ida B. Wells was a journalist who wrote about the horrors of lynching in the South."
why did the progressive movement fail to advance racial equality quizlet,9,1.0552120818317845,0,0,"The Progressive Era spanned the years from 1890 to 1920 when the United States was experiencing rapid growth. Immigrants from eastern and southern Europe arrived in droves. Cities were overcrowded, and those living in poverty suffered greatly."
why did the progressive movement fail to advance racial equality quizlet,10,0.987686028310766,0,5,"Progressive Era. 1  Presidents Theodore Roosevelt, 1901–09 (left), William Howard Taft, 1909–13 (center), and Woodrow Wilson, 1913–21 (right) were the main Progressive presidents; their administrations saw intense social and political change in American society."
why do police need to understand what the forensic scientists do,1,3.078193884343239,0,7,"Why is forensic science important. Rapid growth of poverty, economic recession of global economy, and the unjust behavior of humanity have become the contributing factors that led to increasing criminal activities. These have triggered to the continuous waste of lives of innocent people and this is where the discipline of forensic science comes in."
why do police need to understand what the forensic scientists do,2,2.957663557140066,0,8,Some forensic scientists perform a wide array of lab work. Other forensic scientists specialize in certain aspects of crimes. There are a couple of required skills that all forensic scientists need. A forensic scientist must have good communication skills for writing reports that will be read by other scientists and laymen. Many of these scientists are called on to give expert witness testimony or present evidence in court and need good public speaking skills.
why do police need to understand what the forensic scientists do,3,2.9329136280769563,0,4,"Forensic Scientists do not attend crime scenes (except for firearms examiners, who are often also police officers do attend scenes as do members of the lab who analyze explosives and clandestine labs) but receive the evidence from the Ident officers and then analyze the evidence and submit a report giving their opinion of the weight of the evidence."
why do police need to understand what the forensic scientists do,4,2.8317858122017188,0,1,"Neither do forensic scientists spend their time at crime scenes looking for clues – a job done by the Socos, who, Sheridan explains, are police officers primarily involved in “visiting crime scenes, looking for any evidential links and collecting and correctly packaging any worthy exhibits”."
why do police need to understand what the forensic scientists do,5,1.8805453491476265,0,9,"Forensic science technicians typically need at least a bachelor’s degree in a natural science, such as chemistry or biology, or in forensic science. On-the-job training is usually required both for those who investigate crime scenes and for those who work in labs."
why do police need to understand what the forensic scientists do,6,1.8427033824268664,0,6,"A:In order to become a forensic scientist, you will need an education in forensic sciences. If you are just looking for an entry level in the criminal justice sector, you can go for a 6 month certificate or diploma. A 4 year bachelor's degree can also get you entry-level positions with forensic departments."
why do police need to understand what the forensic scientists do,7,1.2790357487138588,0,0,"On an average day, forensic chemists apply knowledge from diverse disciplines such as chemistry, biology, materials science, and genetics to analyze evidence found at crime scenes or in the bodies of crime suspects. Forensic chemists often don’t know the nature of the sample before they analyze it."
why do police need to understand what the forensic scientists do,8,1.0955936317122195,0,3,"Some decide that forensic science is not for them, particularly after the experience of the courtroom training sessions, and successfully find employment in industrial analytical and research laboratories or study for higher degrees."
why do police need to understand what the forensic scientists do,9,1.0876697619152333,0,2,"The Truth About This Occupation. 1  Forensic science technicians work around the clock. Expect your shifts to include days, evenings, overnights, weekends, and holidays. 2  Many people find investigating the aftermath of violent crimes upsetting. 3  You may have to work overtime or be on-call to collect evidence."
why do police need to understand what the forensic scientists do,10,1.062248207987302,0,5,"In laboratories, a forensic science technician will typically do the following: Identify and classify crime scene evidence through scientific analysis Explore possible links between suspects and criminal activity using the results of chemical and physical analyses"
do owls eat in the day,1,2.1866674148578427,0,3,"Quick Answer. Snowy owls eat mammals, such as rabbits and rodents, and other birds. The snowy owl swallows its prey whole when it eats and hunts during the day. Snowy owls are nomadic, meaning that they follow their prey and choose living locations based on the movement of the prey."
do owls eat in the day,2,1.9028242531432888,0,0,"A: Very, very rarely. They are a strictly nocturnal species by nature, and those seen in the day have usually been flushed from the roost site, and are not hunting. Those seen hunting during the day are probably starving. Q: Where do the owls go to hunt at night? A: In most cases, these birds travel 1 to 2 miles from the daytime roost site to hunt. They hunt in roadside ditches, grassy fields, meadows, and swampy areas away from buildings. Q: How many voles does an owlet eat each night? A: For the first two weeks of age they eat from 2 to 4 per night. At three to five weeks of age they will consume 5 to 10 per night, per owlet!"
do owls eat in the day,3,1.596495866827394,0,5,"Like most owls, the barn owl is nocturnal, relying on its acute sense of hearing when hunting in complete darkness. It often becomes active shortly before dusk and can sometimes be seen during the day when relocating from one roosting site to another."
do owls eat in the day,4,1.4882481394523757,0,6,"Q: If I put up a nest box and Barn Owls use it, should I look in periodically to count eggs and such? A: If you do, make sure both adults are not in the box. If you disturb an adult with young during the day, they may harm the owlets. If you plan to count eggs or young at a nest site, wait in a secluded and quiet area within view of the box or nest site until you see both adults leave the nest for nightly hunting."
do owls eat in the day,5,1.4611463988510136,0,8,"Owls are birds of prey or raptors. A raptor is a bird that has a sharp beak and sharp claws or talons that it uses to catch and eat its food. Check out our Science Trek Birds of Prey website for more information! Members of the raptor group include hawks, eagles, falcons and owls."
do owls eat in the day,6,1.395414110632685,0,7,"We live in a very rural area with LOTs of Great Horned Owls, a nesting pair of Redtails & TWO nesting pairs of eagles (one pair of Goldens & one pair of Balds) within a couple of miles of my house I've never had any troubles with my poultry out during the day & predation by air."
do owls eat in the day,7,1.3794436213956904,0,9,"The barn owl is the most widely distributed species of owl and one of the most widespread of all birds. It is also referred to as the common barn owl, to distinguish it from other species in its family, Tytonidae, which forms one of the two main lineages of living owls, the other being the typical owls. The barn owl is found almost everywhere in the world except polar and desert regions, Asia north of the Himalayas, most of Indonesia, and some Pacific islands. Phylogenetic evidence shows that th"
do owls eat in the day,8,1.3198535396982827,0,2,"It was the day Knapp Forest Elementary first-graders knew was coming: the day teacher Lana Tran would have them put on their scientist caps -- in this case, in the homemade form of birds -- and dissect owl pellets. That's a ball that an owl throws up that has bones and feathers and all the stuff he can't digest, Gabe explained when called on."
do owls eat in the day,9,1.2032368929274182,0,4,"Owls do not build nests; rather they just take over abandoned nests. While they usually lay between 3-4 eggs, a female owl can lay up to 13 eggs in the breeding season, depending on the species. Incubation will last 30 days after which the chicks hatch."
do owls eat in the day,10,1.1412451387228755,0,1,"Owls are carnivorous and will eat rodents, small or medium sized mammals, nocturnal insects, fish and other birds, including smaller owls. After digesting their food, owls regurgitate hard pellets of compressed bones, fur, teeth, feathers and other materials they couldn't digest."
symptoms of a dying mouse,1,0.5991316773886103,0,2,"Symptoms of Dog and Cat Poisoning. The symptoms of a poisoned pet depend on the type of poison he or she is exposed to. Signs of illness may include the following: Gastrointestinal symptoms, including loss of appetite and vomiting, result from eating poisons like garbage or lead paint and from toxic plants, such as English ivy and English holly."
symptoms of a dying mouse,2,0.5359236216371744,0,9,"She described symptoms caused by permethrin: drooling (ptylism), staggering, vomiting, and depression. The family thought their cat had these symptoms. Next, the technician told the family that the dip had to be removed immediately because permethrin can cause seizures and death in cats."
symptoms of a dying mouse,3,0.49431464480199006,0,8,"Some plants also cause neurologic symptoms, including horse chestnuts and buckeyes. Bleeding and anemia from poisoning. Bruising, nosebleeds, blood in the stool, and anemia are caused by rat and mouse poisons. Excessive amounts of onions and garlic, sweet clover, and bracken fern also cause anemia and possible death. Heart symptoms from poisoning"
symptoms of a dying mouse,4,0.4688345084719905,1,5,"The symptoms are similar but the mouse will be in much worse condition: runny eyes; sneezing; wheezing; shaking; fluctuating body temperature; tiredness; loss of appetite; dull coat; If these symptoms persist or worsen, or the mouse becomes limp and struggles to walk, then the mouse must go to the vet's or it could die. To prevent influenza, do not touch your pet if you have flu, as mice catch it from humans."
symptoms of a dying mouse,5,0.4534738336929937,0,6,The symptoms are similar but the mouse will be in much worse condition: 1  runny eyes. 2  sneezing. 3  wheezing. 4  shaking. 5  fluctuating body temperature. 6  tiredness. 7  loss of appetite. 8  dull coat.
symptoms of a dying mouse,6,0.4471048191748337,0,7,"Depending on the poison ingested, a poisoned dog or cat can have gastrointestinal, neurologic, heart, liver, and kidney symptoms. Signs of illness include vomiting, diarrhea, bruising, and irregular heartbeat."
symptoms of a dying mouse,7,0.44091223165163657,0,4,"Seizures and neurologic symptoms are caused by several poisons including strychnine, tobacco, aspirin, antidepressants, alcohol, marijuana, flea repellents, insecticides, gasoline, drain cleaners, dishwasher detergent, and furniture polish."
symptoms of a dying mouse,8,0.40708264866046234,0,3,The symptoms of mites include: excessive scratching (other than grooming) fur loss. loss of appetite. raw or cut skin. scabby skin. mites visible in fur (back and ears are the most common places) mouse appearing distressed.
symptoms of a dying mouse,9,0.3780743839103107,0,0,"This can be fatal quite quickly to mice. 1  It is caused by dusty sawdust (not wood shavings), dirty or damp conditions, unhygienic routine, or filthy bedding. The symptoms include: 2  laboured breathing. 3  shaking. 4  loss of appetite. 5  watery eyes. 6  fatigue. 7  sitting hunched over or lying down. ( 8 sometimes) hair loss."
symptoms of a dying mouse,10,0.3568818736014367,0,1,The symptoms of mites include: 1  excessive scratching (other than grooming) 2  fur loss. 3  loss of appetite. 4  raw or cut skin. 5  scabby skin. 6  mites visible in fur (back and ears are the most common places) 7  mouse appearing distressed. 8  mouse rubbing on toys. 9  aggressive behavior or other behavior changes. 10  looking to be picked up constantly.
average number of lightning strikes per day,1,3.1519921690485884,0,1,"Quick Answer. Lightning strikes reach the ground on Earth as much as 8 million times per day or 100 times per second, according to the National Severe Storms Laboratory. Out of all the lightning strikes in the world, the United States accounts for about 20 million of the total number of lightning strikes each year. Keep Learning."
average number of lightning strikes per day,2,2.6092740131518917,0,7,"Approximately 300,000 lightning strikes hit the ground in Britain each year with 30 percent of reported lightning strikes causing severe damage. Each year 30 to 60 people are recorded as being struck by lightning, 3 of whom, on average, die (14 in 1984 compared to 2 in 2005)."
average number of lightning strikes per day,3,2.5758235184907097,1,5,"Although many lightning flashes are simply cloud-to-cloud, there are as many as 9,000,000 reported lightning strikes that damage buildings, trees, and other objects every year. Worldwide, it is estimated that of an annual 1.4 billion lightning bolts, 25% (more than 350 million) will strike the Earth's surface or objects on the surface. The vast majority of these strikes, however, occur in the tropics, and in unpopulated areas. 100 times per second; Lightning can strike over a thousand times in one storm. So, lightning strikes the earth over a million times a day. Globally, 8,640,000 lightning strikes per day."
average number of lightning strikes per day,4,2.33672687550104,0,2,"An average lightning strike discharges about 30,000 amperes (20,000 amperes in the UK). The current in a lightning strike typically ranges from 5,000 to 50,000 amperes depending on the strength of storm. NASA has recorded strikes of 100,000 amperes and there are other reports of strikes over 200,000 amperes."
average number of lightning strikes per day,5,1.7937356424504436,0,8,"Florida is also the state with the highest number of deaths from lightning strikes. Other states along the Gulf of Mexico coast, such as Alabama, Mississippi, Louisiana, and Texas, also have frequent lightning. Along the Atlantic coast, North Carolina and South Carolina have frequent lightning."
average number of lightning strikes per day,6,1.5070879831196118,0,3,"Lightning fatalities in the U.S.: A map of total lightning fatalities in the United States between 1959 and 2013. With 471 deaths, Florida has more than double the number of fatalities of any other state."
average number of lightning strikes per day,7,0.7586139236441446,0,9,"There is estimated to be around 2,000 lightning storm active around the global at one time creating over 100 strikes per second. These thunderstorms generate a potential difference of 200,000 to 500,000 volts between the Earth’s surface and the ionosphere, with a fair weather current of about 2×10-12 amperes/meter2."
average number of lightning strikes per day,8,0.6189076301318241,0,6,"According to the NWS Storm Data, over the last 30 years (1986-2015) the U.S. has averaged 48 reported lightning fatalities per year. Only about 10% of people who are struck by lightning are killed, leaving 90% with various degrees of disability. More recently, in the last 10 years (2006-2015), the U.S. has averaged 31 lightning fatalities."
average number of lightning strikes per day,9,0.59445300811406,0,4,"Lightning is a sudden high-voltage discharge of electricity that occurs within a cloud, between clouds, or between a cloud and the ground. Globally, there are about 40 to 50 flashes of lightning every second, or nearly 1.4 billion flashes per year."
average number of lightning strikes per day,10,0.553093539245104,0,0,"Lightning is a major cause of storm related deaths in the U.S. A lightning strike can result in a cardiac arrest (heart stopping) at the time of the injury, although some victims may appear to have a delayed death a few days later if they are resuscitated but have suffered irreversible brain damage."
can you burn your lawn with fertilizer,1,4.275360934927029,0,9,Preventing Fertilizer Burn. The good news is that fertilizer burn can be prevented. Here are some tips on preventing fertilizer burn on plants: Fertilize each plant according to its needs. You won’t get better results when you use more fertilizer and you run the risk of damaging or killing your plants.
can you burn your lawn with fertilizer,2,2.8250827697831813,0,6,"Grass1950, the amount of fertilizer you would lose to outgassing in dry conditions is very small. If you don't water, the dew that forms overnight will dissolve some of the fertilizer and increase your chances for burn, especially with the amount the OP put down. I hope everything thing turns out OK for the OP, but to lessen the odds of damaging her lawn it would be much better to water in what was put down."
can you burn your lawn with fertilizer,3,2.324104628233479,0,5,A yellow burned lawn is an eye sore that can only be fixed by reseeding all affected areas. The process of reseeding is time consuming but will be worth it once the lawn is in full vigor. The entire lawn does not have to be replaced if the burn is isolated to small areas. Simply remove only the damaged lawn and reseed.
can you burn your lawn with fertilizer,4,2.083113134031748,1,8,"Fertilizer burn is the result of over fertilizing plants or applying fertilizer to wet foliage. Fertilizer contains salts, which draw moisture out of plants. When you apply excess fertilizer to plants, the result is yellow or brown discoloration and root damage."
can you burn your lawn with fertilizer,5,1.596427284905618,0,1,"These spots are generally caused by a buildup of nitrogen in the soil. Although nitrogen is required to make the lawn green, a lawn burn is a case of too much of a good thing. The nitrogen buildup may be caused by over-fertilizing your lawn, or it may be caused by urine deposits left by pets. No matter what the source of nitrogen burn marks, fixing the discolored lawn is relatively easy."
can you burn your lawn with fertilizer,6,1.4365929748046402,0,0,Verify the reason for the lawn burn. Grass will turn yellow due to an over application of high nitrogen fertilizer. The lawn will also turn yellow when it goes dormant in the fall. Rake the lawn to remove as much dead grass as possible. Remove several inches of soil if the herbicide was not a high nitrogen type.
can you burn your lawn with fertilizer,7,1.3142636726878325,0,3,"When fertilizing start with a dry lawn. Using either a broadcast or drop spreader, apply one-half of the recommended amount in one direction then spread the remaining half at right angles to the first. After fertilizing, it is necessary to water your lawn to wash the material off the grass and into the soil."
can you burn your lawn with fertilizer,8,1.1512437959566184,0,2,"Position the sprinkler over the portion of overfertilized lawn. Turn on the sprinkler and allow it to run until the soil below the grass becomes fully saturated. Allow the water to drain down through the soil, carrying the excess fertilizer with it. Apply 1 inch of water per day for the next seven days."
can you burn your lawn with fertilizer,9,1.0000521496591768,0,4,"Fertilizing Tips. Watering and mowing alone will not make a healthy lawn. It must be fertilized. We have included a starter fertilizer in the mixture applied, but it is only sufficient to supply enough nutrients for about 30 to 45 days. It is important for the development of a healthy lawn that a fertilization program be started at this time."
can you burn your lawn with fertilizer,10,0.8407378043375036,0,7,Rake up the dead grass blades in the fertilizer-burned areas. Remove the top 2 to 3 inches of soil in the cleared area with a shovel. Place the dead grass and soil in a wheelbarrow. Transport the removed material to a compost pile or trash bin and discard it.
are volvox autotrophic or heterotrophic,1,2.7781303999821296,0,5,"Specimen 3: Volvox, a colonial green alga Volvox 7 is the dead-end evolutionary pinnacle of a colonial green alga that is based on Chlamydomonas-derived cells. The number of cells in the colony is specific to the particular species and ranges from 500-60,000."
are volvox autotrophic or heterotrophic,2,1.7750518864664397,0,1,"Best Answer: Euglena are the unicellular organism. All euglena have chloroplasts and can make their own food by photosynthesis. They are not completely autotrophic though, euglena can also absorb food from their environment. Paramecium are unicellular organism. Paramecium are heterotrophic and feed on bacteria. Amoeba are unicellular organism."
are volvox autotrophic or heterotrophic,3,1.74651687094569,0,9,Thus plants are autotrophic orgainsms because they synthesize their own food themselves. There are organisms like animals that are not capable of making their food from sunlight and carbon dioxide and water. Animals get their food from plants and other animals. They are called heterotrophic organisms.
are volvox autotrophic or heterotrophic,4,1.2164433238437455,0,2,BOT 3015L (Outlaw/Sherdan/Aghoram); Page 1 of 6 Chapter 10 Overview of Autotrophic and Heterotrophic Protists Objectives Protista. Establish familiarity with the Protista. Understand some aspects of the importance of protists. Know the primary differences between autotrophs and heterotrophs.
are volvox autotrophic or heterotrophic,5,0.666844811771991,0,0,"Protists are important in ecology and in studies of evolution. Photosynthetic protists in aquatic environments have similar importance as plants in terrestrial environments. Most protists are aquatic and are a major food source in aquatic habitats. Humans, in many cultures, eat protists, especially algae 3."
are volvox autotrophic or heterotrophic,6,0.5310167939280177,0,4,An  autotroph is also referred to as a producer. An example of an  autotroph is algae. A heterotroph is an organism that receives its  food from other sources. It is a multicellular or unicellular  organism. Organisms that are consumers or decomposers are  heterotrophs. A parasite is also a heterotroph. A parasite feeds  off other organisms for its food. An example of a parasite is a  deet tick. An example of a decomposing heterotroph is an earthworm.
are volvox autotrophic or heterotrophic,7,0.3910692181473801,0,6,"Nutrition in Autotrophic Organisms. In this, organisms synthesize the essential organic compounds from inorganic compounds like carbon dioxide and water in the presence of radiant energy of sunlight trapped by magnesium ions (Mg 2+) containing green pigment, chlorophyll. The process is called photosynthesis."
are volvox autotrophic or heterotrophic,8,0.3858462523119533,0,3,"BOT 3015L (Outlaw/Sherdan/Aghoram); Page 5 of 6 mitosis, that are released into the surrounding water. External fertilization is followed by the formation of a diploid zygote that then undergoes meiosis. 5. Draw and label the main filament, branches, nodes, and gametangia of Chara without magnification and/or under 4x."
are volvox autotrophic or heterotrophic,9,0.3858462523119533,0,7,Some non green bacteria manufacture their organic food from inorganic substances in the presence of energy derived from the oxidation of simple inorganic compounds of sulphur and iron etc. For example sulphur and iron bacteria. This process is called chemosynthesis. And organisms are called chemoautotroph.
are volvox autotrophic or heterotrophic,10,0.0,0,8,"This is characteristic of all animals and fungi, some protists (for example Trypanosona, Paramecium, Amoeba), many bacteria, (for example pseudomonas) and some non green plants (for example Parasitic plants like cuscuta) they take readymade organic food from other dead or living plants and animals."
average force of a raindrop,1,2.0245503688094453,0,8,"In fact, they are actually oblate spheroids, or spheres with the nose smashed in. Different sources approximate different ranges for the measure of a diameter of a raindrop. However, on the average, a raindrop is between 0.1 to 5 millimeters. There are some exceptions; rarely, raindrops of 8 millimeters were known to occur. Sizes larger than that do not normally occur because the raindrop particles simply break up or collide with other neighboring particles."
average force of a raindrop,2,1.3040210811442228,0,4,"4. Figure out the drag force that is opposing the downward pull of gravity. If you know the velocity of the object, but not the drag force, you can use the formula to calculate the drag force. This is (C*ρ*A*(v^2))/2."
average force of a raindrop,3,0.7144124946323805,0,5,"The mass m of the drop hanging from the end of the tube can be found by equating the force due to gravity () with the component of the surface tension in the vertical direction () giving the formula. where α is the angle of contact with the tube, and g is the acceleration due to gravity."
average force of a raindrop,4,0.6389198041111708,0,3,"Close enough to the earth to encounter air resistance, this acceleration is 9.8 meters per second squared, or 32 feet per second squared. 3. Calculate the downward pull of gravity. The force with which the falling object is being pulled down equals the object's mass times acceleration due to gravity, or F = MA. This number, multiplied by two, goes in the top of the terminal velocity formula."
average force of a raindrop,5,0.45135893589389114,0,2,"A raindrop may have a maximum diameter of 0.25 centimeter.. 2.5 mm. Rain.. Encyclopedia Encarta .1st ed. CD-ROM. New York: Microsoft, 2000. Raindrops generally have a diameter greater than 0.5 mm (0.02 in.)."
average force of a raindrop,6,0.39088207981163686,0,7,"Raindrop sizes typically range from 0.5 mm to 4 mm, with size distributions quickly decreasing past diameters larger than 2-2.5 mm. Scientists traditionally thought that the variation in the size of raindrops was due to collisions on the way down to the ground."
average force of a raindrop,7,0.38571396064268615,0,0,"However, drops up to 10 mm (equivalent in volume to a sphere of radius 4.5 mm) are theoretically stable and could be levitated in a wind tunnel. The largest recorded raindrop was 8.8 mm in diameter, located at the base of a cumulus congestus cloud in the vicinity of Kwajalein Atoll in July 1999."
average force of a raindrop,8,0.0,0,1,A droplet with a diameter of 3 mm has a terminal velocity of approximately 8 m/s. Drops smaller than 1 mm in diameter will attain 95% of their terminal velocity within 2 m. But above this size the distance to get to terminal velocity increases sharply. An example is a drop with a diameter of 2 mm that may achieve this at 5.6 m.
average force of a raindrop,9,0.0,0,6,"Use the terminal velocity formula, v = the square root of ((2*m*g)/(ρ*A*C)). Plug the following values into that formula to solve for v, terminal velocity. 1  m = mass of the falling object. 2  g = the acceleration due to gravity."
average force of a raindrop,10,0.0,0,9,"By suspending drops of known size, he determined that small drops up to about 2 mm (0.08 inches) in diameter fell as spheres. Larger drops, however, deformed while falling acquiring a shape with a flat bottom and rounded top similar to that of a hamburger bun."
chart for foods low in potassium.,1,1.9449043444463872,0,7,"Below is a list of high potassium foods ranked by common serving sizes, for more see the lists of high potassium foods by nutrient density, potassium rich foods, fruits high in potassium, and vegetables high in potassium."
chart for foods low in potassium.,2,1.5898968503697855,0,2,"High potassium foods include beans, dark leafy greens, potatoes, squash, yogurt, fish, avocados, mushrooms, and bananas. The current daily value for potassium is 3,500 milligrams (mg)."
chart for foods low in potassium.,3,1.459914925333011,0,0,"Low Sodium Low Potassium Foods List. On this page we offer a searchable collection of nutritional data on thousands of foods for healthy diet. Healthy eating is not only beneficial to weight loss, but will obviously improve your health."
chart for foods low in potassium.,4,1.2813988268988425,0,4,"Watch portions on all foods. Be careful with coffee. The National Kidney Foundation recommends that people who should limit their potassium should limit their coffee in take to 1 cup per day. There are still plenty of nutritious, delicious, low-potassium options for people with kidney disease, Armul says."
chart for foods low in potassium.,5,1.2747083321723984,0,1,"Alleviation of High Blood Pressure (Hypertension) - Studies show that a diet high in potassium, especially potassium from fruits and vegetables, lowers blood pressure. This is especially true if the increase in potassium foods is not accompanied by an increase in high sodium foods."
chart for foods low in potassium.,6,1.2576582436458668,0,8,"LOW POTASSIUM DIET. INTRODUCTION. Potassium is a mineral that the body needs for normal cell and muscle function. When blood. levels of potassium are too high, heart contractions can be affected. Dietary intake is the main. source of potassium for the body. This diet limits potassium intake to less than 60 mmol per. day. AIMS."
chart for foods low in potassium.,7,1.1499774563366454,0,5,"Food Sources of Potassium. Food Sources of Potassium ranked by milligrams of potassium per standard amount, also showing calories in the standard amount. (The AI for adults is 4,700 mg/day potassium.) Food, Standard Amount Potassium (mg) Calories. Sweetpotato, baked, 1 potato (146 g) 694 131. Tomato paste, 1/4 cup 664 54."
chart for foods low in potassium.,8,1.0420757804337277,0,6,"It is important for disease prevention such as: diabetes, heart disease, high cholesterol, anemia, high blood pressure, and cancer. All the nutritional data of foods is based on the U.S. Department of Agriculture database for standard reference SR22."
chart for foods low in potassium.,9,1.0058154723293675,0,3,"That is because the kidneys regulate potassium. If they aren’t working correctly, the potassium may not be flushed out of the body properly. To minimize potassium buildup, a person with chronic kidney disease should stick to a low-potassium diet of between 1,500 and 2,000 milligrams (mg) per day. Limiting phosphorus, sodium, and fluids may also be important for people with kidney dysfunction."
chart for foods low in potassium.,10,0.0,0,9,High-Fiber means 5 grams or more fiber per serving. A food must have less than 5g of sugar (natural or added) per 100g or 2.5g of sugar per 100mls to be a low sugar food. Sugar-free means less than 0.5g of sugar per 100g or per 100ml.
are saltwater crocodiles legal pets yahoo,1,1.738709878389001,0,3,"There are two species of crocodiles that may be kept as pets, saltwater crocodiles (Crocodylus porosus) and freshwater crocodiles (Crocodylus johnstoni)."
are saltwater crocodiles legal pets yahoo,2,1.6630819949659896,0,1,"There are two species of crocodiles that may be kept as pets, saltwater crocodiles (Crocodylus porosus) and freshwater crocodiles (Crocodylus johnstoni). Both species require similar conditions in captivity. Crocodiles are potentially very dangerous animals."
are saltwater crocodiles legal pets yahoo,3,1.6012089126234545,0,2,"There are two species of crocodiles that may be kept as pets, saltwater crocodiles (Crocodylus porosus) and freshwater crocodiles (Crocodylus johnstoni). Both species require similar conditions in captivity."
are saltwater crocodiles legal pets yahoo,4,1.59908048290951,0,0,"Young crocodiles are relatively fragile, so when deciding to keep a crocodile as a pet, it is important to consider the care that crocodiles require in captivity. There are two species of crocodiles that may be kept as pets, saltwater crocodiles (Crocodylus porosus) and freshwater crocodiles (Crocodylus johnstoni)."
are saltwater crocodiles legal pets yahoo,5,1.24474957864008,0,4,What we don’t recommend you acquiring a large saltwater crocodile to your son Johnny putting on a leash and sending them both at the school on pet day… But there are people in Australia who outside of zoos to keep crocodiles as pets.
are saltwater crocodiles legal pets yahoo,6,1.211036830497556,0,5,Well… No we aren’t. What we don’t recommend you acquiring a large saltwater crocodile to your son Johnny putting on a leash and sending them both at the school on pet day… But there are people in Australia who outside of zoos to keep crocodiles as pets.
are saltwater crocodiles legal pets yahoo,7,0.7460550607459275,0,6,"No, they do not make good good pets unless you have a pond and enough money fo their food. Crocodiles and alligators became illegal to buy in the seventies as pets because people did not realize they got so large (10 ft long)."
are saltwater crocodiles legal pets yahoo,8,0.605518415248778,0,7,Best Answer: Crocodiles do not make good pets. They require difficult environments to set up and maintain. All it takes is one disobedient neighbor's kid to sneak into your yard and get mauled or killed by your pet to ruin your life forever.
are saltwater crocodiles legal pets yahoo,9,0.5463311685777056,0,9,"Earth’s largest living crocodilian—and, some say, the animal most likely to eat a human—is the saltwater or estuarine crocodile. Average-size males reach 17 feet (5 meters) and 1,000 pounds (450 kilograms), but specimens 23 feet (7 meters) long and weighing 2,200 pounds (1,000 kilograms) are not uncommon."
are saltwater crocodiles legal pets yahoo,10,0.5397365058668695,0,8,Best Answer: Crocodiles do not make good pets. They require difficult environments to set up and maintain. All it takes is one disobedient neighbor's kid to sneak into your yard and get mauled or killed by your pet to ruin your life forever. Their food is expensive even if it doesn't include the neighbor's children.
dayton ohio time is what,1,1.972369873848212,0,2,"Eastern Standard Time - is abbreviated as EST. Eastern Daylight Time- is abbreviated as EDT. Dayton, Ohio is GMT/UTC - 5h during Standard Time. Dayton, Ohio is GMT/UTC - 4h during Daylight Saving Time."
dayton ohio time is what,2,1.4137038982191137,0,7,Dayton time zone: UTC-04:00 or EDT. Daylight saving time is in effect in Dayton. See recent and expected DST changes in Dayton in the table below.
dayton ohio time is what,3,0.9444027943038086,0,8,"The Dayton-Springfield-Greenville Combined Statistical Area had a population of 1,080,044 in 2010, making it the 43rd-largest in the United States. Dayton is within Ohio's Miami Valley region, just north of the Cincinnati–Northern Kentucky metropolitan area."
dayton ohio time is what,4,0.9104664771918664,0,9,"Dayton weather. Dayton, USA: basic facts and figures. The length of a solar day is determined by the time that it takes for the Earth to complete a full rotation around its axis and equals 24 hours. The Earth’s rotation on its axis leads to change between day and night."
dayton ohio time is what,5,0.8520344841991029,0,3,Dayton (/ˈdeɪtən/; local pronunciation: /ˈdeɪʔn/) is the sixth-largest city in the U.S. state of Ohio and is the county seat of Montgomery County. A small portion of the city extends into Greene County.
dayton ohio time is what,6,0.8509598160933298,0,5,"Time Zone & Daylight Saving Time. EDTEastern Daylight Time. 12 Mar 2017Sunday 12 Mar 2017 at 3:00:00 am local time. 05 Nov 2017Sunday 05 Nov 2017 at 2:00:00 am local time, the time changes to 1:00:00 am."
dayton ohio time is what,7,0.8495704857585415,0,1,"About DAY. Located near the “Crossroads of the America” – Interstates 70 and 75, the Dayton International Airport provides air service to meet the needs of travelers to and from Southwest Ohio. It is our mission to contribute to the prosperity of Southwest Ohio by connecting it to the rest of the world through our aviation system."
dayton ohio time is what,8,0.7525232111893564,0,4,Current time now in Time Zone: America New York (USA Eastern Time) USA & Canada clocks are now on. Daylight saving start: Sunday 12 March 2017 02:00 local time. Clocks go forward one hour. Daylight saving end: Sunday 5 November 2017 02:00 local time. Clocks go back one hour.
dayton ohio time is what,9,0.7449125707795303,0,0,Current time now in Time Zone: America New York (USA Eastern Time) USA & Canada clocks are now on. DAYLIGHT SAVING. Daylight saving start: Sunday 12 March 2017 02:00 local time. Clocks go forward one hour. Daylight saving end: Sunday 5 November 2017 02:00 local time. Clocks go back one hour.
dayton ohio time is what,10,0.6605856469723009,0,6,"Help Dayton win a $20,000 grant for park improvements! Pedestrian improvements planned in West Dayton Decorative lighting planned for Gettysburg Avenue. Mayor Whaley comments on Dayton’s response to the opioid epidemic Mayor Whaley addresses community concerns regarding the opiod epidemic."
goch meaning,1,0.48867080415324543,0,8,"Link to this slang definition. To link to this term in a web page or blog, insert the following. <a href=http://onlineslangdictionary.com/meaning-definition-of/gooch>gooch</a> To link to this term in a wiki such as Wikipedia, insert the following. [http://onlineslangdictionary.com/meaning-definition-of/gooch gooch]"
goch meaning,2,0.4288335628283582,0,9,"Link to this slang definition. To link to this term in a web page or blog, insert the following. <a href=http://onlineslangdictionary.com/meaning-definition-of/gooch>gooch</a>. To link to this term in a wiki such as Wikipedia, insert the following. [http://onlineslangdictionary.com/meaning-definition-of/gooch gooch] Some wikis use a different format for links, so be sure to check the documentation. ← Previous - goob wad"
goch meaning,3,0.42511535274603135,0,5,"Link to this slang definition To link to this term in a web page or blog, insert the following. <a href=http://onlineslangdictionary.com/meaning-definition-of/gooch>gooch</a>"
goch meaning,4,0.3733246498734184,0,3,"This Slang page is designed to explain what the meaning of gooch is. The slang word / phrase / acronym gooch means... . Online Slang Dictionary. A list of slang words and phrases, idioms, jargon, acronyms, and abbreviations."
goch meaning,5,0.0,0,0,"See the Goch surname, family crest & coat of arms. Free Search. Uncover the Goch surname history for the Welsh Origin. What is the history of the last name Goch?"
goch meaning,6,0.0,1,1,"The name Goch is derived from the Welsh word coch, which means red. Goch was originally a nickname for a ruddy or red-complexioned person, which later became a hereditary surname. Goch Early Origins"
goch meaning,7,0.0,0,2,"The name Goch is derived from the Welsh word coch, which means red.. Goch was originally a nickname for a ruddy or red-complexioned person, which later became a hereditary surname."
goch meaning,8,0.0,0,4,"Goch Spelling Variations. Compared to other ancient cultures found in the British Isles, the number of Welsh surnames are relatively few, but there are an inordinately large number of spelling variations."
goch meaning,9,0.0,0,6,© 1999-2018 Urban Dictionary ® advertise terms of service privacy dmca remove help chat jobs
goch meaning,10,0.0,0,7,The Goch Family Crest was acquired from the Houseofnames.com archives. The Goch Family Crest was drawn according to heraldic standards based on published blazons. We generally include the oldest published family crest once associated with each surname. This page was last modified on 9 May 2013 at 10:00.
does drinking water help eczema,1,4.241360307941691,0,6,Health-and-Fitness does drinking a lot of water help eczema sunburn relief for the bathrooms. Some final tips for Eczema is though you must consider before and after seeing the best eczema treatment to Get Rid of Eczema!
does drinking water help eczema,2,4.184254222722853,0,2,With an Oatmeal can be used for a longer does drinking a lot of water help eczema period as they have painful neuropathies or they say there are lots of the hair from eczema seems to be an concerned about current treatment. Read >.
does drinking water help eczema,3,1.0285761044881818,0,7,"10 Eczema Healing Principals to Follow. 1. Avocado and aloe vera can be uses topically on a break out to help moisturize and heal the skin. Mix one or both together into a paste and apply to your skin for 20 minutes and gently wash off with warm water. 2. Swap out pasteurized dairy products for dairy free kefir, sauerkraut and other fermented foods."
does drinking water help eczema,4,1.0006528845985172,0,9,"A few options: Over-the-counter Hydrocortisone cream or ointment may help mild eczema. Prescription steroid cream may be needed for more severe eczema. Prescription-strength moisturizers (these replace the barrier of the skin) iclude hylatopic plus, mimyx, and epiceram."
does drinking water help eczema,5,0.8901131066654944,0,8,"Take daily shower (15min) in lukewarm water while avoiding harsh and drying cleansers. Pat away excess water and immediately apply fragrance-free moisturizer like Vanicream 1-2 times/day. For eczema flares, apply prescription strength corticosteroid ointments to problem areas twice a day until clear. Wet dressings at night with Aquaphor ...Read more."
does drinking water help eczema,6,0.7825907207870874,0,5,"Finally I said: ENOUGH! Healing Eczema Naturally. I decided to make healing her eczema naturally my number one focus. I know her eczema symptoms are a result of her leaky gut and to heal her eczema I must first heal her digestive tract. I know eczema is not a skin condition, but a gut condition."
does drinking water help eczema,7,0.5551197300991082,0,4,"She also includes a lot of yummy, safe recipes for kids with eczema and walks you through the steps to heal your child, so I can’t say enough good things about it. The photos of Emily’s daughter tell the story of healing for themselves, take a look. This is her daughter before and after implementing the Eczema Cure."
does drinking water help eczema,8,0.4243993290622819,0,0,"b.) I see 2 basic types of eczema: --- one is a spread of bacteria or yeasts that you can get for example on your feet in socks after a long warm day in shoes, which can go away in two days just by rubbing on some vinegar, and just keep them on air sa much as possible."
does drinking water help eczema,9,0.40181688870777943,0,1,"2.) Puriya Cream (probably one of the best creams for some fast relief of itching http://www.dbestest.com/eczema) 3.) Buy the most quality bio kefir you can find, preferrably from a sheep's milk and drink a cup after fasting for at least 16 hours. Do this everyday for at least a week."
does drinking water help eczema,10,0.39344279585523806,0,3,"The routine. I'm finally 100% free of all the kinds of eczema I suffered from. My fingers are completely clear and my feet and the area behind knees as well. I don't even have any more itching of eyes, or any other part of my body!! The great thing is that even my skin on the face got better overall."
how much money has innocet donated to charity,1,2.933062274401644,0,5,"the figures. The tables below set out the amount of profit (or loss) innocent has made each year since 2004, the amount of money committed to charity and the charities that receive the money. (All figures from innocent ltd published audited accounts where applicable."
how much money has innocet donated to charity,2,1.9719128041124943,0,8,"Of the $229 billion that Americans donated in 2009, about half went to religious institutions. Above, members tithe during services at the New First Missionary Baptist Church in Charleston, W.Va. Credit Jon C. Hancock for The New York Times."
how much money has innocet donated to charity,3,1.6557244276948833,0,7,"Few people realize how large charities have become, how many vital services they provide, and how much funding flows through them each year. Without charities and non-profits, America would simply not be able to operate. Their operations are so big that during 2014, total giving was more than $358 billion."
how much money has innocet donated to charity,4,1.523494364126248,0,3,"For example, if you gave $100 to a museum and received a book in return that sells regularly for $25, you can claim $75 as a charitable deduction. The IRS has a worksheet to help you determine how many of your donations are tax-deductible. Back to top. I want to donate as much as I can this year."
how much money has innocet donated to charity,5,0.5455358177855953,0,4,"Over the past decade, the charity has raised $13.8 million in cash donations and steered $8.3 million of that to its for-profit fundraisers. The charity has spent an average of about $1,000 cash a year for direct aid to diabetes patients."
how much money has innocet donated to charity,6,0.3928436001338774,0,0,"Innocent’s founders Rich, Jon and Adam started the foundation in 2004 to formalise innocent’s commitment to donating part of its profits to help those who need it more than we do. Innocent has committed to donate at least 10% of profits to charity every year."
how much money has innocet donated to charity,7,0.3928436001338774,0,9,"When you file your taxes, you will need to itemize your donations on Schedule A of the 1040 form. You can download this form and the instructions for how to fill it out from the IRS Web site."
how much money has innocet donated to charity,8,0.3878448833217681,0,6,"For example, if you gave $100 to a museum and received a book in return that sells regularly for $25, you can claim $75 as a charitable deduction. The IRS has a worksheet to help you determine how many of your donations are tax-deductible."
how much money has innocet donated to charity,9,0.35201165914729454,0,2,"We seek to redistribute some of the wealth that our business creates to those people that need it. Innocent donates a minimum of 10% of its profits each year to charity, most of which goes to the innocent foundation, which we set up in 2004 with a vision to help build sustainable futures for the world’s poorest people."
how much money has innocet donated to charity,10,0.0,0,1,"Yes. Any donation you made on or by December 31, 2008 will qualify as a deduction for 2008. Any donations made in 2009 (even at 12:01 a.m. on New Year's Day) go towards the 2009 tax year. So if you're looking for a tax benefit for this year, you'll want to make that donation before December 31, 2008."
symptoms of a gastric ulcer in women,1,2.685821561910398,0,3,"The signs and symptoms of a gastric ulcer are almost opposite to the signs and symptoms of duodenal ulcers - the main differences are noticed in the timing and severity of the pain. 1  Gastric ulcers generally cause a dull aching pain, often right after eating. 2  Making a meal can often cause an increase in pain."
symptoms of a gastric ulcer in women,2,2.0859567698864274,1,8,"Symptoms Of Stomach Ulcer In Women. stomach ulcer. A peptic ulcer, also known as ulcus pepticum, PUD or peptic ulcer disease, is an ulcer (defined as mucosal erosions equal to or greater than 0.5 cm) of an area of the gastrointestinal tract that is usually acidic and thus extremely painful."
symptoms of a gastric ulcer in women,3,2.0009715124562755,0,2,"Stomach Ulcers in Women – Gender Specific Differences. Truth be told, there is not much difference between peptic ulcers in women versus those in men; symptoms, causes, and treatments are virtually the same. The only unusual thing about stomach ulcers across the genders is that men are actually about twice as likely to develop an ulcer as women."
symptoms of a gastric ulcer in women,4,1.7878258591046041,0,0,"Pain from a gastric ulcer may occur shortly after you eat (when food is still in your stomach). Silent ulcers. Some ulcers don't cause symptoms. These are known as silent ulcers. Silent ulcers are more common in: Older adults. People who have diabetes. People who use nonsteroidal anti-inflammatory drugs (NSAIDs), including aspirin, ibuprofen (such as Advil), and naproxen (such as Aleve). Symptoms in children. In children, symptoms vary with age: Toddlers and young children may complain of general stomach pain. Teenagers may have symptoms more like those of adults."
symptoms of a gastric ulcer in women,5,1.190241431334369,0,9,"Besides pain, ulcers in women may sometimes show the following signs and symptoms: • Nausea and/or vomiting. • The presence of blood in stools which gives the feces a dark or tar-like color. • Changes or loss of appetite. • Changes in weight that may lead to inexplicable and unintended weight loss."
symptoms of a gastric ulcer in women,6,1.054607901903604,0,5,"Because of the risk associated with peptic ulcer complications, it is extremely important to pay attention to duodenal ulcer symptoms. Once identified, treatment can begin, and it varies depending upon what is causing the ulcers. If H. Pylori is the culprit, antibiotics are often employed."
symptoms of a gastric ulcer in women,7,0.6356082163664413,0,7,"Pain from a stomach ulcer can travel, radiating to the back or chest. “If the ulcer has penetrated through the bowel wall, the pain can become more intense, longer in duration, and harder to alleviate,” says Ravella."
symptoms of a gastric ulcer in women,8,0.466973001356625,0,4,"Peptic ulcers, or peptic ulcer disease (PUD) is a condition wherein ulcers are formed in the esophagus, stomach, and the duodenum lining. Esophagus is a muscular tube that carries the food and water we consume, to the stomach."
symptoms of a gastric ulcer in women,9,0.4397354316080208,0,6,"Peptic ulcer disease is characterized by sores, or ulcerations, in the lining tissues of the stomach or the duodenum, the first portion of the small intestine. Peptic ulcers can be caused by a number of conditions, including certain medications, excessive alcohol use, and other medical conditions."
symptoms of a gastric ulcer in women,10,0.4155001659345843,0,1,"Here are ten very evident signs that you may be suffering from an ulcer…. ADVERTISEMENT. Pain in your abdomen, typically between the breastbone and belly button region, may follow a meal as the stomach empties. The pain will often come and go in waves of burning or stabbing pain."
how often can ativan be taken,1,2.00029803073288,0,1,"ativan, xanax, anxiety, generalized anxiety disorder, lorazepam. My Dr prescribed 1 mg of Lorazepam to help me on an upcoming flight from Atlanta to London (in 5 days). I have taken Xanax in the past, but never Lorazepam. I tried it last Sunday night at bedtime (a week ago), and within the hour, I was out like a light. I didn't wake up during the night like I always do; instead, I slept for a good 7 hours."
how often can ativan be taken,2,1.598770241021334,0,0,"Pdoc gave me ativan 0.5mg PRN. In the beginning, that was enough to make me feel fairly calm and sleepy. I took it rarely, like maybe 1 or 2 days/week. Over the last few months, I've been taking it more often, like 0.5mg 4-5 days/week. Pdoc knows and is perfectly fine with it."
how often can ativan be taken,3,1.1468075416048695,0,8,"When starting lorazepam, anxiety or insomnia may improve rapidly or over a period of days. Benzodiazepines, such as lorazepam, are often used for short periods of time only. They may produce emotional and/or physical dependence (addiction) even when used as recommended. Only your healthcare provider can determine the length of treatment that is right for you."
how often can ativan be taken,4,0.6640479364479203,0,5,"The recommended starting dose of Ativan for anxiety treatment is Ativan 1 mg two to three times daily. For insomnia due to anxiety, the recommended starting dose is 2 mg to 4 mg once daily at bedtime. Elderly people may be more sensitive to the effects of Ativan."
how often can ativan be taken,5,0.6162460454018792,1,9,"The recommended starting dosage of Ativan for anxiety treatment is 1 mg two to three times daily. When taking Ativan for insomnia due to anxiety, the recommended starting dose is 2 mg to 4 mg once daily at bedtime. Serious problems can occur if you take Ativan at higher dosages or for a longer period of time than your healthcare provider recommends."
how often can ativan be taken,6,0.4176509653143784,0,2,"And ain't none of us can say what it'll do to you. posted by Netzapper at 8:27 PM on August 11, 2010 [6 favorites] It is worth noting that Ativan comes in three tablet sizes -- .5 mg, 1 mg and 2 mg. To me this indicates that .5 mg is the very smallest dose and it's not unreasonable to take 1 mg."
how often can ativan be taken,7,0.3682454860861272,0,3,"Ativan (lorazepam) leaves your system very quickly (wikipedia), so you are not likely to feel lasting effects tomorrow, as long as you're giving yourself overnight to sleep. I'd take the pill and not worry about it. posted by ella wren at 8:26 PM on August 11, 2010. Look, nobody here can answer the question for you."
how often can ativan be taken,8,0.3494553206774915,0,6,"Posted August 18, 2011. I have ativan .5mg (which is the smallest dose you can get) as a PRN too. Some days I take none, some days I take 3 or 4. I'm Rx'd for 2/day. My pdoc knows I take it this way and is fine with it, but you don't want to take it in such a way that you're running out before you can get more."
how often can ativan be taken,9,0.0,0,4,"Trending Now. Answers. Best Answer: initial adult dose of lorazepam for anxiety is 1 mg from 2 to 3 times a day & while maintenance dose 1 to 2 mg from 2 to 3 times a day which means you should increase your dose , never mind the addiction man you will not addict you will take just 1 or 2 weeks only."
how often can ativan be taken,10,0.0,0,7,"Lorazepam is a benzodiazepine. It is approved for the treatment of anxiety, status epilepticus (continuous seizures), and as a medication given right before anesthesia. However, benzodiazepines are also commonly used to treat difficulty sleeping and alcohol withdrawal."
how many oscars did star wars a new home win?,1,3.34035191103823,0,5,"The Star Wars franchise has actually gathered nine Academy Awards in total. Most of them are technical, which is sadly to be expected for a blockbuster film. The six films have received even more nominations. Here is a quick breakdown of how every Star Wars movie did at the Academy Awards, and what we can expect this year for The Force Awakens."
how many oscars did star wars a new home win?,2,2.564867650637508,0,7,"A New Hope. The film also received a Special Achievement For Ben Burtt in Sound. The most interesting win, for Star Wars insiders, is the one for film editing — because it went to George Lucas' now ex-wife Marcia Lucas, and her name is no longer anywhere to be found on copies of the film."
how many oscars did star wars a new home win?,3,2.0601140349756273,0,6,"‘Star Wars: The Force Awakens’ Fails to Win an Oscar. The on-stage Oscar antics of Star Wars droids C-3PO, R2-D2 and BB-8 may have charmed the Academy Awards audience, but Star Wars: The Force Awakens did not fare so well, failing to win any of its five nominations."
how many oscars did star wars a new home win?,4,2.00710944673605,0,4,"This marks the most nominations for a Star Wars film since the release of the original Star Wars in 1977, which received 10 nods and won six Oscars; The Empire Strikes Back (1980) received three nominations, winning two Oscars; Return of the Jedi (1983) nabbed four nominations with one win; The Phantom Menace (1999) captured three nominations; ..."
how many oscars did star wars a new home win?,5,1.986040820769587,0,1,"Feb 29, 2016. 1  The on-stage Oscar antics of Star Wars droids C-3PO, R2-D2 and BB-8 may have charmed the Academy Awards audience, but Star Wars: The Force Awakens did not fare so well, failing to win any of its five nominations."
how many oscars did star wars a new home win?,6,1.651843799599323,0,0,Oscars: 'Star Wars: The Force Awakens' Has Best Picture Nomination Potential (Analysis) THR's awards analyst argues J.J. Abrams' film could become the franchise's first installment since the original to land above-the-line noms. (Spoiler free.)
how many oscars did star wars a new home win?,7,1.0537138003354705,0,9,"Categories include Original Score, Visual Effects, and more. Nominations for the 88th Annual Academy Awards were announced today, and the latest film in the Star Wars saga, Star Wars: The Force Awakens, has been nominated in five categories: Film Editing – Maryann Brandon and Mary Jo Markey. Original Score – John Williams."
how many oscars did star wars a new home win?,8,0.9125541645228217,0,8,And seeing Star Wars: The Force Awakens at its world premiere on Monday night — the biggest Hollywood premiere in the 21st century — undoubtedly boosted the way I and others felt about it.
how many oscars did star wars a new home win?,9,0.7879100421471998,0,3,"Annie Hall was the last Best Picture winner to be nominated for just five awards until The Departed 29 years later in 2006. Jason Robards became the fourth actor to win back-to-back Oscars, following Luise Rainer, Spencer Tracy, and Katharine Hepburn."
how many oscars did star wars a new home win?,10,0.0,0,2,"50th Academy Awards. The 50th Academy Awards were held at the Dorothy Chandler Pavilion in Los Angeles, California on April 3, 1978. The ceremonies were presided over by Bob Hope, who hosted the awards for the nineteenth and last time."
how many years did william bradford serve as governor of plymouth colony?,1,3.136527330030785,0,9,"He will serve as the governor of Plymouth for most of the remainder of his life. 1630: Bradford writes Of Plymouth Plantation. Bradford writes about the formation of the new Plymouth Colony and the people that lived there from 1621 to 1646 in Of Plymouth Colony. It was not published until 1656, the year before he died. May 9, 1657: Bradford dies in Plymouth."
how many years did william bradford serve as governor of plymouth colony?,2,2.808250766371955,1,4,"http://en.wikipedia.org/wiki/William_Bradford_(Plymouth_Colony_governor) William Bradford (c.1590 – 1657) was an English Separatist leader in Leiden, Holland and in Plymouth Colony was a signatory to the Mayflower Compact. He served as Plymouth Colony Governor five times covering about thirty years between 1621 and 1657."
how many years did william bradford serve as governor of plymouth colony?,3,2.749089289279695,0,1,"William Bradford (c.1590 – c.1657) was an English Separatist leader in Leiden, Holland and in Plymouth Colony. He emigrated to the New World on the Mayflower in 1620, signing the Mayflower Compact, and then serving as Plymouth Colony Governor five times covering about thirty years between 1621 and 1657."
how many years did william bradford serve as governor of plymouth colony?,4,2.106228876702843,0,7,"Gov. William Bradford of Plymouth Colony, William Bradford lll, William Mayflower Bradford Birthdate: before March 19, 1589: Birthplace: Austerfield, Yorkshire, England: Death: May 9, 1657 Plymouth, Plymouth, Massachusetts Place of Burial: Plymouth, Plymouth, Massachusetts, United States Immediate Family:"
how many years did william bradford serve as governor of plymouth colony?,5,1.7604366640459526,0,6,Home > Timelines > William Bradford Timeline William Bradford Timeline Timeline Description: William Bradford was a Separatist and a Pilgrim who traveled from England to America on the Mayflower. He is credited with being the author of the Mayflower Compact and served as the governor of Plymouth Colony.
how many years did william bradford serve as governor of plymouth colony?,6,1.7447155827168892,0,2,William Bradford. William Bradford was a Separatist and a Pilgrim who traveled from England to America on the Mayflower. He is credited with being the author of the Mayflower Compact and served as the governor of Plymouth Colony.
how many years did william bradford serve as governor of plymouth colony?,7,1.4647925637016004,0,5,"William Bradford. 1  Birth: on or before 19 March 1589/90 - Austerfield, Yorkshire, England. 2  Christened: 19 March 1589/90 - St. Helen's Chapel, Austerfield, Yorkshire, England. 3  Parents: William Bradford, Alice Hanson. 4  Spouses: Dorothy May, Alice Carpenter. 5  Death: 9 May 1657 - Plymouth, Plymouth, Massachusetts."
how many years did william bradford serve as governor of plymouth colony?,8,1.4482574882184516,0,8,"Added 2016-12-03 21:35:32 -0800 by Orville D Krause. 1  Collection: MyHeritage Family Trees. 2  Site name: Partch Web Site. 3  Site manager: Greg Partch. 4  Birth: Mar 0 1590 - Austerfield, Yorkshire, England. 5  Death: May 19 1657 - Plymouth Colony, Mass. 6  Parents: William (2) Bradford, Alice Bradford (born Gresham/hanson)"
how many years did william bradford serve as governor of plymouth colony?,9,1.3883373079550712,0,0,"Added 2016-12-03 21:35:27 -0800 by Orville D Krause. 1  Collection: MyHeritage Family Trees. 2  Site name: Stockton Web Site. 3  Site manager: Douglas Stockton. 4  Birth: Before Mar 19 1589 - Austerfield, South Yorkshire, England, United Kingdom. 5  Death: May 9 1657 - Plymouth Colony, Plymouth, Massachusetts. 6  Parents: William Bradford, Alice Briggs (born Hanson)"
how many years did william bradford serve as governor of plymouth colony?,10,1.1114949229050053,0,3,"1 William Bradford. 2  William Bradford is born in Austerfield, England. 3  Bradford's mother dies. 4  Bradford becomes a follower of Reverend Richard Clyfton. 5  King James I takes the throne in England. 6  The Separatists begin discussions about breaking away from the Church of England. 7  Bradford goes to Amsterdam."
